"variable","mean","q2.5","q97.5","rhat","ess_bulk","f"
"b_Intercept[1]",-2.61626445684579,-3.70726011782324,-1.55271503588583,1.00053459840872,2138.32463177559,1
"b_Intercept[2]",1.89606965521056,0.87287110501886,3.00757123802795,1.00070658574372,2648.13525088184,1
"b_ppt_9_z",-1.16207713461087,-1.6111871277854,-0.744991735809352,1.00196589906632,3332.42941861891,1
"b_tmin_wi_z",-1.05547241125486,-1.49669408101954,-0.622777925611895,0.999948315844263,3995.93439586281,1
"b_elev_z",-0.287766779641548,-1.19800513850239,0.615645998093482,1.00020815443411,2583.05413836653,0.734
"b_ppt_9_z:tmin_wi_z",-0.396355996540389,-0.740961970167453,-0.0525916581987564,1.00063031012515,4542.06148458327,0.9885
"b_ppt_9_z:elev_z",-0.0875969332287945,-0.55916555813513,0.372670159009055,1.00104750152441,4723.76401906794,0.6425
"b_tmin_wi_z:elev_z",0.405315974384338,-0.0379903632997059,0.855036755375609,1.00154961110128,5473.15520021577,0.9605
"b_ppt_9_z:tmin_wi_z:elev_z",-0.213572817049963,-0.580259027895705,0.14853703537417,1.00146866085406,8210.36111026924,0.879
"sd_id__Intercept",1.58392825105273,1.01709499593674,2.2497655370932,1.00372730244819,1268.35269205921,1
"sd_site__Intercept",2.64745075878024,1.78740608713817,3.81546350822389,1.00347009831714,1687.94040300299,1
